{
    "currentTool": "MINIMAP",
    "experienceLevel": 4,
    "collectablesCaught": 8,
    "totalPlayTime": 53.57105255126953,
    "timeLookingAtTool": 17.261014938354493,
    "percentTimeLookingAtTool": 32.220787048339847,
    "timeToGetCollectable1": 4.29010009765625,
    "timeToGetCollectable2": 6.762430191040039,
    "timeToGetCollectable3": 4.833759784698486,
    "timeToGetCollectable4": 4.269632816314697,
    "timeToGetCollectable5": 10.638970375061036,
    "timeToGetCollectable6": 5.997695446014404,
    "timeToGetCollectable7": 5.113354206085205,
    "timeToGetCollectable8": 11.665107727050782,
    "timeWatchingToolPerCollectable1": 0.39749038219451907,
    "timeWatchingToolPerCollectable2": 0.0,
    "timeWatchingToolPerCollectable3": 0.6535458564758301,
    "timeWatchingToolPerCollectable4": 0.6684613823890686,
    "timeWatchingToolPerCollectable5": 5.429867267608643,
    "timeWatchingToolPerCollectable6": 3.5190887451171877,
    "timeWatchingToolPerCollectable7": 1.3715094327926636,
    "timeWatchingToolPerCollectable8": 5.221053600311279,
    "percentTimeLookingAtToolsPerCollectable1": 9.265294075012207,
    "percentTimeLookingAtToolsPerCollectable2": 0.0,
    "percentTimeLookingAtToolsPerCollectable3": 13.520445823669434,
    "percentTimeLookingAtToolsPerCollectable4": 15.656179428100586,
    "percentTimeLookingAtToolsPerCollectable5": 51.03752517700195,
    "percentTimeLookingAtToolsPerCollectable6": 58.674015045166019,
    "percentTimeLookingAtToolsPerCollectable7": 26.82210922241211,
    "percentTimeLookingAtToolsPerCollectable8": 44.757869720458987
},{
    "currentTool": "COMPASS",
    "experienceLevel": 4,
    "collectablesCaught": 8,
    "totalPlayTime": 59.08760070800781,
    "timeLookingAtTool": 0.011800199747085572,
    "percentTimeLookingAtTool": 0.019970687106251718,
    "timeToGetCollectable1": 2.2763891220092775,
    "timeToGetCollectable2": 8.03052043914795,
    "timeToGetCollectable3": 7.586906909942627,
    "timeToGetCollectable4": 9.799779891967774,
    "timeToGetCollectable5": 4.753323078155518,
    "timeToGetCollectable6": 10.440937042236329,
    "timeToGetCollectable7": 5.551957130432129,
    "timeToGetCollectable8": 10.647886276245118,
    "timeWatchingToolPerCollectable1": 0.0,
    "timeWatchingToolPerCollectable2": 0.0,
    "timeWatchingToolPerCollectable3": 0.0,
    "timeWatchingToolPerCollectable4": 0.0,
    "timeWatchingToolPerCollectable5": 0.0,
    "timeWatchingToolPerCollectable6": 0.0,
    "timeWatchingToolPerCollectable7": 0.0,
    "timeWatchingToolPerCollectable8": 0.011800199747085572,
    "percentTimeLookingAtToolsPerCollectable1": 0.0,
    "percentTimeLookingAtToolsPerCollectable2": 0.0,
    "percentTimeLookingAtToolsPerCollectable3": 0.0,
    "percentTimeLookingAtToolsPerCollectable4": 0.0,
    "percentTimeLookingAtToolsPerCollectable5": 0.0,
    "percentTimeLookingAtToolsPerCollectable6": 0.0,
    "percentTimeLookingAtToolsPerCollectable7": 0.0,
    "percentTimeLookingAtToolsPerCollectable8": 0.11082199215888977
}, {
    "currentTool": "NONE",
    "experienceLevel": 3,
    "collectablesCaught": 8,
    "totalPlayTime": 54.97726058959961,
    "timeLookingAtTool": 0.0,
    "percentTimeLookingAtTool": 0.0,
    "timeToGetCollectable1": 2.337125062942505,
    "timeToGetCollectable2": 5.749343395233154,
    "timeToGetCollectable3": 4.632968425750732,
    "timeToGetCollectable4": 4.745601654052734,
    "timeToGetCollectable5": 9.245099067687989,
    "timeToGetCollectable6": 5.842056751251221,
    "timeToGetCollectable7": 9.557311058044434,
    "timeToGetCollectable8": 12.867704391479493,
    "timeWatchingToolPerCollectable1": 0.0,
    "timeWatchingToolPerCollectable2": 0.0,
    "timeWatchingToolPerCollectable3": 0.0,
    "timeWatchingToolPerCollectable4": 0.0,
    "timeWatchingToolPerCollectable5": 0.0,
    "timeWatchingToolPerCollectable6": 0.0,
    "timeWatchingToolPerCollectable7": 0.0,
    "timeWatchingToolPerCollectable8": 0.0,
    "percentTimeLookingAtToolsPerCollectable1": 0.0,
    "percentTimeLookingAtToolsPerCollectable2": 0.0,
    "percentTimeLookingAtToolsPerCollectable3": 0.0,
    "percentTimeLookingAtToolsPerCollectable4": 0.0,
    "percentTimeLookingAtToolsPerCollectable5": 0.0,
    "percentTimeLookingAtToolsPerCollectable6": 0.0,
    "percentTimeLookingAtToolsPerCollectable7": 0.0,
    "percentTimeLookingAtToolsPerCollectable8": 0.0
}, {
    "currentTool": "MINIMAP",
    "experienceLevel": 4,
    "collectablesCaught": 8,
    "totalPlayTime": 50.015472412109378,
    "timeLookingAtTool": 23.84865379333496,
    "percentTimeLookingAtTool": 47.682552337646487,
    "timeToGetCollectable1": 1.9508469104766846,
    "timeToGetCollectable2": 5.98211145401001,
    "timeToGetCollectable3": 4.368686199188232,
    "timeToGetCollectable4": 4.378864288330078,
    "timeToGetCollectable5": 10.604470252990723,
    "timeToGetCollectable6": 5.731592655181885,
    "timeToGetCollectable7": 5.401169776916504,
    "timeToGetCollectable8": 11.597665786743164,
    "timeWatchingToolPerCollectable1": 0.4339183270931244,
    "timeWatchingToolPerCollectable2": 1.1759252548217774,
    "timeWatchingToolPerCollectable3": 1.5396299362182618,
    "timeWatchingToolPerCollectable4": 1.4006881713867188,
    "timeWatchingToolPerCollectable5": 6.4564080238342289,
    "timeWatchingToolPerCollectable6": 0.7599279284477234,
    "timeWatchingToolPerCollectable7": 2.380204200744629,
    "timeWatchingToolPerCollectable8": 9.701931953430176,
    "percentTimeLookingAtToolsPerCollectable1": 22.24256134033203,
    "percentTimeLookingAtToolsPerCollectable2": 19.65736198425293,
    "percentTimeLookingAtToolsPerCollectable3": 35.242401123046878,
    "percentTimeLookingAtToolsPerCollectable4": 31.987476348876954,
    "percentTimeLookingAtToolsPerCollectable5": 60.88383483886719,
    "percentTimeLookingAtToolsPerCollectable6": 13.25858211517334,
    "percentTimeLookingAtToolsPerCollectable7": 44.06830978393555,
    "percentTimeLookingAtToolsPerCollectable8": 83.6541748046875
}, {
    "currentTool": "COMPASS",
    "experienceLevel": 4,
    "collectablesCaught": 8,
    "totalPlayTime": 72.81173706054688,
    "timeLookingAtTool": 0.734051525592804,
    "percentTimeLookingAtTool": 1.0081499814987183,
    "timeToGetCollectable1": 2.8449928760528566,
    "timeToGetCollectable2": 5.399588108062744,
    "timeToGetCollectable3": 4.998365879058838,
    "timeToGetCollectable4": 5.015021324157715,
    "timeToGetCollectable5": 9.658571243286133,
    "timeToGetCollectable6": 5.594566822052002,
    "timeToGetCollectable7": 13.482867240905762,
    "timeToGetCollectable8": 25.817787170410158,
    "timeWatchingToolPerCollectable1": 0.0,
    "timeWatchingToolPerCollectable2": 0.0,
    "timeWatchingToolPerCollectable3": 0.0,
    "timeWatchingToolPerCollectable4": 0.0,
    "timeWatchingToolPerCollectable5": 0.3022454082965851,
    "timeWatchingToolPerCollectable6": 0.0,
    "timeWatchingToolPerCollectable7": 0.0,
    "timeWatchingToolPerCollectable8": 0.43180614709854128,
    "percentTimeLookingAtToolsPerCollectable1": 0.0,
    "percentTimeLookingAtToolsPerCollectable2": 0.0,
    "percentTimeLookingAtToolsPerCollectable3": 0.0,
    "percentTimeLookingAtToolsPerCollectable4": 0.0,
    "percentTimeLookingAtToolsPerCollectable5": 3.1292972564697267,
    "percentTimeLookingAtToolsPerCollectable6": 0.0,
    "percentTimeLookingAtToolsPerCollectable7": 0.0,
    "percentTimeLookingAtToolsPerCollectable8": 1.6725142002105713
}, {
    "currentTool": "NONE",
    "experienceLevel": 4,
    "collectablesCaught": 8,
    "totalPlayTime": 61.53443908691406,
    "timeLookingAtTool": 0.0,
    "percentTimeLookingAtTool": 0.0,
    "timeToGetCollectable1": 3.3484132289886476,
    "timeToGetCollectable2": 5.216557025909424,
    "timeToGetCollectable3": 8.288742065429688,
    "timeToGetCollectable4": 12.974050521850586,
    "timeToGetCollectable5": 5.462229251861572,
    "timeToGetCollectable6": 5.019205570220947,
    "timeToGetCollectable7": 8.022823333740235,